[
    {
        "pk": 1,
        "model": "bulk_email.courseemailtemplate",
        "fields": {
            "plain_template": "{course_title}\n\n{{message_body}}\r\n----\r\nCopyright 2013 edX, All rights reserved.\r\n----\r\nConnect with edX:\r\nFacebook (http://facebook.com/edxonline)\r\nTwitter (http://twitter.com/edxonline)\r\nGoogle+ (https://plus.google.com/108235383044095082735)\r\nMeetup (http://www.meetup.com/edX-Communities/)\r\n----\r\nThis email was automatically sent from {platform_name}.\r\nYou are receiving this email at address {email} because you are enrolled in {course_title}\r\n(URL: {course_url} ).\r\nTo stop receiving email like this, update your course email settings at {email_settings_url}.\r\n{unsubscribe_link}\r\n",
            "html_template": "<!DOCTYPE html PUBLIC '-//W3C//DTD XHTML 1.0 Transitional//EN' 'http://www.w3.org/TR/xhtml1/DTD/xhtml1-transitional.dtd'><html xmlns:fb='http://www.facebook.com/2008/fbml' xmlns:og='http://opengraph.org/schema/'> <head><meta property='og:title' content='Update from {course_title}'/><meta property='fb:page_id' content='43929265776' />        <meta http-equiv='Content-Type' content='text/html; charset=UTF-8'>        <title>Update from {course_title}</title>                    </head>        <body leftmargin='0' marginwidth='0' topmargin='0' marginheight='0' offset='0' style='margin: 0;padding: 0;background-color: #ffffff;'>        <center>            <table align='center' border='0' cellpadding='0' cellspacing='0' height='100%' width='100%' id='bodyTable' style='border-collapse: collapse;mso-table-lspace: 0pt;mso-table-rspace: 0pt;margin: 0;padding: 0;background-color: #ffffff;height: 100% !important;width: 100% !important;'>                <tr>                   <td align='center' valign='top' id='bodyCell' style='border-collapse: collapse;mso-table-lspace: 0pt;mso-table-rspace: 0pt;margin: 0;padding: 0;border-top: 0;height: 100% !important;width: 100% !important;'>                        <!-- BEGIN TEMPLATE // -->                        <table border='0' cellpadding='0' cellspacing='0' width='100%' style='border-collapse: collapse;mso-table-lspace: 0pt;mso-table-rspace: 0pt;'>                            <tr>                                <td align='center' valign='top' style='border-collapse: collapse;mso-table-lspace: 0pt;mso-table-rspace: 0pt;'>                                    <!-- BEGIN PREHEADER // -->                                    <table border='0' cellpadding='0' cellspacing='0' width='100%' id='templatePreheader' style='border-collapse: collapse;mso-table-lspace: 0pt;mso-table-rspace: 0pt;background-color: #fcfcfc;border-top: 0;border-bottom: 0;'>                                        <tr>                                        <td align='center' valign='top' style='border-collapse: collapse;mso-table-lspace: 0pt;mso-table-rspace: 0pt;'>                                                <table border='0' cellpadding='0' cellspacing='0' width='600' class='templateContainer' style='border-collapse: collapse;mso-table-lspace: 0pt;mso-table-rspace: 0pt;'>                                                    <tr>                                                        <td valign='top' class='preheaderContainer' style='padding-top: 9px;border-collapse: collapse;mso-table-lspace: 0pt;mso-table-rspace: 0pt;'><table border='0' cellpadding='0' cellspacing='0' width='100%' class='mcnTextBlock' style='border-collapse: collapse;mso-table-lspace: 0pt;mso-table-rspace: 0pt;'>    <tbody class='mcnTextBlockOuter'>        <tr>            <td valign='top' class='mcnTextBlockInner' style='border-collapse: collapse;mso-table-lspace: 0pt;mso-table-rspace: 0pt;'>                                <table align='left' border='0' cellpadding='0' cellspacing='0' width='366' class='mcnTextContentContainer' style='border-collapse: collapse;mso-table-lspace: 0pt;mso-table-rspace: 0pt;'>                    <tbody><tr>                                                <td valign='top' class='mcnTextContent' style='padding-top: 9px;padding-left: 18px;padding-bottom: 9px;padding-right: 0;border-collapse: collapse;mso-table-lspace: 0pt;mso-table-rspace: 0pt;color: #606060;font-family: Helvetica;font-size: 11px;line-height: 125%;text-align: left;'>                                                    <br>                        </td>                    </tr>                </tbody></table>                            </td>        </tr>    </tbody></table></td>                                                    </tr>                                                </table>                                            </td>                                                                                    </tr>                                    </table>                                    <!-- // END PREHEADER -->                                </td>                            </tr>                            <tr>                                <td align='center' valign='top' style='border-collapse: collapse;mso-table-lspace: 0pt;mso-table-rspace: 0pt;'>                                    <!-- BEGIN HEADER // -->                                    <table border='0' cellpadding='0' cellspacing='0' width='100%' id='templateHeader' style='border-collapse: collapse;mso-table-lspace: 0pt;mso-table-rspace: 0pt;background-color: #fcfcfc;border-top: 0;border-bottom: 0;'>                                        <tr>                                            <td align='center' valign='top' style='border-collapse: collapse;mso-table-lspace: 0pt;mso-table-rspace: 0pt;'>                                                <table border='0' cellpadding='0' cellspacing='0' width='600' class='templateContainer' style='border-collapse: collapse;mso-table-lspace: 0pt;mso-table-rspace: 0pt;'>                                                    <tr>                                                        <td valign='top' class='headerContainer' style='padding-top: 10px;padding-right: 18px;padding-bottom: 10px;padding-left: 18px;border-collapse: collapse;mso-table-lspace: 0pt;mso-table-rspace: 0pt;'><table border='0' cellpadding='0' cellspacing='0' width='100%' class='mcnImageBlock' style='border-collapse: collapse;mso-table-lspace: 0pt;mso-table-rspace: 0pt;'>    <tbody class='mcnImageBlockOuter'>            <tr>                <td valign='top' style='padding: 9px;border-collapse: collapse;mso-table-lspace: 0pt;mso-table-rspace: 0pt;' class='mcnImageBlockInner'>                    <table align='left' width='100%' border='0' cellpadding='0' cellspacing='0' class='mcnImageContentContainer' style='border-collapse: collapse;mso-table-lspace: 0pt;mso-table-rspace: 0pt;'>                        <tbody><tr>                            <td class='mcnImageContent' valign='top' style='padding-right: 9px;padding-left: 9px;padding-top: 0;padding-bottom: 0;border-collapse: collapse;mso-table-lspace: 0pt;mso-table-rspace: 0pt;'>                                                                    <a href='http://edx.org' title='' class='' target='_self' style='word-wrap: break-word !important;'>                                        <img align='left' alt='edX' src='http://courses.edx.org/static/images/bulk_email/edXHeaderImage.jpg' width='564.0000152587891' style='max-width: 600px;padding-bottom: 0;display: inline !important;vertical-align: bottom;border: 0;line-height: 100%;outline: none;text-decoration: none;height: auto !important;' class='mcnImage'>                                    </a>                                                            </td>                        </tr>                    </tbody></table>                </td>            </tr>    </tbody></table><table border='0' cellpadding='0' cellspacing='0' width='100%' class='mcnTextBlock' style='border-collapse: collapse;mso-table-lspace: 0pt;mso-table-rspace: 0pt;'>    <tbody class='mcnTextBlockOuter'>        <tr>            <td valign='top' class='mcnTextBlockInner' style='border-collapse: collapse;mso-table-lspace: 0pt;mso-table-rspace: 0pt;'>                                <table align='left' border='0' cellpadding='0' cellspacing='0' width='599' class='mcnTextContentContainer' style='border-collapse: collapse;mso-table-lspace: 0pt;mso-table-rspace: 0pt;'>                    <tbody><tr>                                                <td valign='top' class='mcnTextContent' style='padding-top: 9px;padding-right: 18px;padding-bottom: 9px;padding-left: 18px;border-collapse: collapse;mso-table-lspace: 0pt;mso-table-rspace: 0pt;color: #606060;font-family: Helvetica;font-size: 15px;line-height: 150%;text-align: left;'>                                                    <div style='text-align: right;'><span style='font-size:11px;'><span style='color:#00a0e3;'>Connect with edX:</span></span> &nbsp;<a href='http://facebook.com/edxonline' target='_blank' style='color: #6DC6DD;font-weight: normal;text-decoration: underline;word-wrap: break-word !important;'><img align='none' height='16' src='http://courses.edx.org/static/images/bulk_email/FacebookIcon.png' style='width: 16px;height: 16px;border: 0;line-height: 100%;outline: none;text-decoration: none;' width='16'></a>&nbsp;&nbsp;<a href='http://twitter.com/edxonline' target='_blank' style='color: #6DC6DD;font-weight: normal;text-decoration: underline;word-wrap: break-word !important;'><img align='none' height='16' src='http://courses.edx.org/static/images/bulk_email/TwitterIcon.png' style='width: 16px;height: 16px;border: 0;line-height: 100%;outline: none;text-decoration: none;' width='16'></a>&nbsp;&nbsp;<a href='https://plus.google.com/108235383044095082735' target='_blank' style='color: #6DC6DD;font-weight: normal;text-decoration: underline;word-wrap: break-word !important;'><img align='none' height='16' src='http://courses.edx.org/static/images/bulk_email/GooglePlusIcon.png' style='width: 16px;height: 16px;border: 0;line-height: 100%;outline: none;text-decoration: none;' width='16'></a>&nbsp;&nbsp;<a href='http://www.meetup.com/edX-Communities/' target='_blank' style='color: #6DC6DD;font-weight: normal;text-decoration: underline;word-wrap: break-word !important;'><img align='none' height='16' src='http://courses.edx.org/static/images/bulk_email/MeetupIcon.png' style='width: 16px;height: 16px;border: 0;line-height: 100%;outline: none;text-decoration: none;' width='16'></a></div>                        </td>                    </tr>                </tbody></table>                            </td>        </tr>    </tbody></table></td>                                                    </tr>                                                </table>                                            </td>                                        </tr>                                    </table>                                    <!-- // END HEADER -->                                </td>                            </tr>                            <tr>                                <td align='center' valign='top' style='border-collapse: collapse;mso-table-lspace: 0pt;mso-table-rspace: 0pt;'>                                    <!-- BEGIN BODY // -->                                    <table border='0' cellpadding='0' cellspacing='0' width='100%' id='templateBody' style='border-collapse: collapse;mso-table-lspace: 0pt;mso-table-rspace: 0pt;background-color: #fcfcfc;border-top: 0;border-bottom: 0;'>                                        <tr>                                            <td align='center' valign='top' style='border-collapse: collapse;mso-table-lspace: 0pt;mso-table-rspace: 0pt;'>                                                <table border='0' cellpadding='0' cellspacing='0' width='600' class='templateContainer' style='border-collapse: collapse;mso-table-lspace: 0pt;mso-table-rspace: 0pt;'>                                                    <tr>                                                        <td valign='top' class='bodyContainer' style='padding-top: 10px;padding-right: 18px;padding-bottom: 10px;padding-left: 18px;border-collapse: collapse;mso-table-lspace: 0pt;mso-table-rspace: 0pt;'><table border='0' cellpadding='0' cellspacing='0' width='100%' class='mcnCaptionBlock' style='border-collapse: collapse;mso-table-lspace: 0pt;mso-table-rspace: 0pt;'>    <tbody class='mcnCaptionBlockOuter'>        <tr>            <td class='mcnCaptionBlockInner' valign='top' style='padding: 9px;border-collapse: collapse;mso-table-lspace: 0pt;mso-table-rspace: 0pt;'>                <table border='0' cellpadding='0' cellspacing='0' class='mcnCaptionLeftContentOuter' width='100%' style='border-collapse: collapse;mso-table-lspace: 0pt;mso-table-rspace: 0pt;'>    <tbody><tr>        <td valign='top' class='mcnCaptionLeftContentInner' style='padding: 0 9px;border-collapse: collapse;mso-table-lspace: 0pt;mso-table-rspace: 0pt;'>            <table align='right' border='0' cellpadding='0' cellspacing='0' class='mcnCaptionLeftImageContentContainer' style='border-collapse: collapse;mso-table-lspace: 0pt;mso-table-rspace: 0pt;'>                <tbody><tr>                    <td class='mcnCaptionLeftImageContent' valign='top' style='border-collapse: collapse;mso-table-lspace: 0pt;mso-table-rspace: 0pt;'>                                                                    <img alt='' src='{course_image_url}' width='176' style='max-width: 180px;border: 0;line-height: 100%;outline: none;text-decoration: none;vertical-align: bottom;height: auto !important;' class='mcnImage'>                                                                </td>                </tr>            </tbody></table>            <table class='mcnCaptionLeftTextContentContainer' align='left' border='0' cellpadding='0' cellspacing='0' width='352' style='border-collapse: collapse;mso-table-lspace: 0pt;mso-table-rspace: 0pt;'>                <tbody><tr>                    <td valign='top' class='mcnTextContent' style='border-collapse: collapse;mso-table-lspace: 0pt;mso-table-rspace: 0pt;color: #606060;font-family: Helvetica;font-size: 14px;line-height: 150%;text-align: left;'>                        <h3 class='null' style='display: block;font-family: Helvetica;font-size: 18px;font-style: normal;font-weight: bold;line-height: 125%;letter-spacing: -.5px;margin: 0;text-align: left;color: #606060 !important;'><strong style='font-size: 22px;'>{course_title}</strong><br></h3><br>                    </td>                </tr>            </tbody></table>        </td>    </tr></tbody></table>            </td>        </tr>    </tbody></table><table border='0' cellpadding='0' cellspacing='0' width='100%' class='mcnTextBlock' style='border-collapse: collapse;mso-table-lspace: 0pt;mso-table-rspace: 0pt;'>    <tbody class='mcnTextBlockOuter'>        <tr>            <td valign='top' class='mcnTextBlockInner' style='border-collapse: collapse;mso-table-lspace: 0pt;mso-table-rspace: 0pt;'>                                <table align='left' border='0' cellpadding='0' cellspacing='0' width='600' class='mcnTextContentContainer' style='border-collapse: collapse;mso-table-lspace: 0pt;mso-table-rspace: 0pt;'>                    <tbody><tr>                                                <td valign='top' class='mcnTextContent' style='padding-top: 9px;padding-right: 18px;padding-bottom: 9px;padding-left: 18px;border-collapse: collapse;mso-table-lspace: 0pt;mso-table-rspace: 0pt;color: #606060;font-family: Helvetica;font-size: 14px;line-height: 150%;text-align: left;'>                        {{message_body}}                        </td>                    </tr>                </tbody></table>                            </td>        </tr>    </tbody></table><table border='0' cellpadding='0' cellspacing='0' width='100%' class='mcnDividerBlock' style='border-collapse: collapse;mso-table-lspace: 0pt;mso-table-rspace: 0pt;'>    <tbody class='mcnDividerBlockOuter'>        <tr>            <td class='mcnDividerBlockInner' style='padding: 18px 18px 3px;border-collapse: collapse;mso-table-lspace: 0pt;mso-table-rspace: 0pt;'>                <table class='mcnDividerContent' border='0' cellpadding='0' cellspacing='0' width='100%' style='border-top-width: 1px;border-top-style: solid;border-top-color: #666666;border-collapse: collapse;mso-table-lspace: 0pt;mso-table-rspace: 0pt;'>                    <tbody><tr>                        <td style='border-collapse: collapse;mso-table-lspace: 0pt;mso-table-rspace: 0pt;'>                            <span></span>                        </td>                    </tr>                </tbody></table>            </td>        </tr>    </tbody></table><table border='0' cellpadding='0' cellspacing='0' width='100%' class='mcnTextBlock' style='border-collapse: collapse;mso-table-lspace: 0pt;mso-table-rspace: 0pt;'>    <tbody class='mcnTextBlockOuter'>        <tr>            <td valign='top' class='mcnTextBlockInner' style='border-collapse: collapse;mso-table-lspace: 0pt;mso-table-rspace: 0pt;'>                                <table align='left' border='0' cellpadding='0' cellspacing='0' width='600' class='mcnTextContentContainer' style='border-collapse: collapse;mso-table-lspace: 0pt;mso-table-rspace: 0pt;'>                    <tbody><tr>                                                <td valign='top' class='mcnTextContent' style='padding-top: 9px;padding-right: 18px;padding-bottom: 9px;padding-left: 18px;border-collapse: collapse;mso-table-lspace: 0pt;mso-table-rspace: 0pt;color: #606060;font-family: Helvetica;font-size: 14px;line-height: 150%;text-align: left;'>                                                    <div style='text-align: right;'><a href='http://facebook.com/edxonline' target='_blank' style='color: #2f73bc;font-weight: normal;text-decoration: underline;word-wrap: break-word !important;'><img align='none' height='16' src='http://courses.edx.org/static/images/bulk_email/FacebookIcon.png' style='width: 16px;height: 16px;border: 0;line-height: 100%;outline: none;text-decoration: none;' width='16'></a>&nbsp;&nbsp;<a href='http://twitter.com/edxonline' target='_blank' style='color: #2f73bc;font-weight: normal;text-decoration: underline;word-wrap: break-word !important;'><img align='none' height='16' src='http://courses.edx.org/static/images/bulk_email/TwitterIcon.png' style='width: 16px;height: 16px;border: 0;line-height: 100%;outline: none;text-decoration: none;' width='16'></a>&nbsp;&nbsp;<a href='https://plus.google.com/108235383044095082735' target='_blank' style='color: #2f73bc;font-weight: normal;text-decoration: underline;word-wrap: break-word !important;'><img align='none' height='16' src='http://courses.edx.org/static/images/bulk_email/GooglePlusIcon.png' style='width: 16px;height: 16px;border: 0;line-height: 100%;outline: none;text-decoration: none;' width='16'></a>&nbsp; &nbsp;<a href='http://www.meetup.com/edX-Communities/' target='_blank' style='color: #2f73bc;font-weight: normal;text-decoration: underline;word-wrap: break-word !important;'><img align='none' height='16' src='http://courses.edx.org/static/images/bulk_email/MeetupIcon.png' style='width: 16px;height: 16px;border: 0;line-height: 100%;outline: none;text-decoration: none;' width='16'></a></div>                        </td>                    </tr>                </tbody></table>                            </td>        </tr>    </tbody></table></td>                                                    </tr>                                                </table>                                            </td>                                        </tr>                                    </table>                                    <!-- // END BODY -->                                </td>                            </tr>                            <tr>                                <td align='center' valign='top' style='border-collapse: collapse;mso-table-lspace: 0pt;mso-table-rspace: 0pt;'>                                    <!-- BEGIN FOOTER // -->                                    <table border='0' cellpadding='0' cellspacing='0' width='100%' id='templateFooter' style='border-collapse: collapse;mso-table-lspace: 0pt;mso-table-rspace: 0pt;background-color: #9FCFE8;border-top: 0;border-bottom: 0;'>                                        <tr>                                            <td align='center' valign='top' style='border-collapse: collapse;mso-table-lspace: 0pt;mso-table-rspace: 0pt;'>                                                <table border='0' cellpadding='0' cellspacing='0' width='600' class='templateContainer' style='border-collapse: collapse;mso-table-lspace: 0pt;mso-table-rspace: 0pt;'>                                                    <tr>                                                        <td valign='top' class='footerContainer' style='padding-top: 10px;padding-right: 18px;padding-bottom: 10px;padding-left: 18px;border-collapse: collapse;mso-table-lspace: 0pt;mso-table-rspace: 0pt;'><table border='0' cellpadding='0' cellspacing='0' width='100%' class='mcnTextBlock' style='border-collapse: collapse;mso-table-lspace: 0pt;mso-table-rspace: 0pt;'>    <tbody class='mcnTextBlockOuter'>        <tr>            <td valign='top' class='mcnTextBlockInner' style='border-collapse: collapse;mso-table-lspace: 0pt;mso-table-rspace: 0pt;'>                                <table align='left' border='0' cellpadding='0' cellspacing='0' width='600' class='mcnTextContentContainer' style='border-collapse: collapse;mso-table-lspace: 0pt;mso-table-rspace: 0pt;'>                    <tbody><tr>                                                <td valign='top' class='mcnTextContent' style='padding-top: 9px;padding-right: 18px;padding-bottom: 9px;padding-left: 18px;border-collapse: collapse;mso-table-lspace: 0pt;mso-table-rspace: 0pt;color: #f2f2f2;font-family: Helvetica;font-size: 11px;line-height: 125%;text-align: left;'>                                                    <em>Copyright © 2013 edX, All rights reserved.</em><br><br><br>  <b>Our mailing address is:</b><br>  edX<br>  11 Cambridge Center, Suite 101<br>  Cambridge, MA, USA 02142<br><br><br>This email was automatically sent from {platform_name}. <br>You are receiving this email at address {email} because you are enrolled in <a href='{course_url}'>{course_title}</a>.<br>To stop receiving email like this, update your course email settings <a href='{email_settings_url}'>here</a>. <br><br><a href='{unsubscribe_link}'>unsubscribe</a>                        </td>                    </tr>                </tbody></table>                            </td>        </tr>    </tbody></table></td>                                                    </tr>                                                </table>                                            </td>                                        </tr>                                    </table>                                    <!-- // END FOOTER -->                                </td>                            </tr>                        </table>                        <!-- // END TEMPLATE -->                    </td>                </tr>            </table>        </center>    </body>    </body> </html>"
        }
    },
    {
        "pk": 2,
        "model": "bulk_email.courseemailtemplate",
        "fields": {
            "plain_template": "THIS IS A BRANDED TEXT TEMPLATE. {course_title}\n\n{{message_body}}\r\n----\r\nCopyright 2013 edX, All rights reserved.\r\n----\r\nConnect with edX:\r\nFacebook (http://facebook.com/edxonline)\r\nTwitter (http://twitter.com/edxonline)\r\nGoogle+ (https://plus.google.com/108235383044095082735)\r\nMeetup (http://www.meetup.com/edX-Communities/)\r\n----\r\nThis email was automatically sent from {platform_name}.\r\nYou are receiving this email at address {email} because you are enrolled in {course_title}\r\n(URL: {course_url} ).\r\nTo stop receiving email like this, update your course email settings at {email_settings_url}.\r\n{unsubscribe_link}\r\n",
            "html_template": "<!DOCTYPE html PUBLIC '-//W3C//DTD XHTML 1.0 Transitional//EN' 'http://www.w3.org/TR/xhtml1/DTD/xhtml1-transitional.dtd'><html xmlns:fb='http://www.facebook.com/2008/fbml' xmlns:og='http://opengraph.org/schema/'> <head><meta property='og:title' content='Update from {course_title}'/><meta property='fb:page_id' content='43929265776' />        <meta http-equiv='Content-Type' content='text/html; charset=UTF-8'>        THIS IS A BRANDED HTML TEMPLATE <title>Update from {course_title}</title>                    </head>        <body leftmargin='0' marginwidth='0' topmargin='0' marginheight='0' offset='0' style='margin: 0;padding: 0;background-color: #ffffff;'>        <center>            <table align='center' border='0' cellpadding='0' cellspacing='0' height='100%' width='100%' id='bodyTable' style='border-collapse: collapse;mso-table-lspace: 0pt;mso-table-rspace: 0pt;margin: 0;padding: 0;background-color: #ffffff;height: 100% !important;width: 100% !important;'>                <tr>                   <td align='center' valign='top' id='bodyCell' style='border-collapse: collapse;mso-table-lspace: 0pt;mso-table-rspace: 0pt;margin: 0;padding: 0;border-top: 0;height: 100% !important;width: 100% !important;'>                        <!-- BEGIN TEMPLATE // -->                        <table border='0' cellpadding='0' cellspacing='0' width='100%' style='border-collapse: collapse;mso-table-lspace: 0pt;mso-table-rspace: 0pt;'>                            <tr>                                <td align='center' valign='top' style='border-collapse: collapse;mso-table-lspace: 0pt;mso-table-rspace: 0pt;'>                                    <!-- BEGIN PREHEADER // -->                                    <table border='0' cellpadding='0' cellspacing='0' width='100%' id='templatePreheader' style='border-collapse: collapse;mso-table-lspace: 0pt;mso-table-rspace: 0pt;background-color: #fcfcfc;border-top: 0;border-bottom: 0;'>                                        <tr>                                        <td align='center' valign='top' style='border-collapse: collapse;mso-table-lspace: 0pt;mso-table-rspace: 0pt;'>                                                <table border='0' cellpadding='0' cellspacing='0' width='600' class='templateContainer' style='border-collapse: collapse;mso-table-lspace: 0pt;mso-table-rspace: 0pt;'>                                                    <tr>                                                        <td valign='top' class='preheaderContainer' style='padding-top: 9px;border-collapse: collapse;mso-table-lspace: 0pt;mso-table-rspace: 0pt;'><table border='0' cellpadding='0' cellspacing='0' width='100%' class='mcnTextBlock' style='border-collapse: collapse;mso-table-lspace: 0pt;mso-table-rspace: 0pt;'>    <tbody class='mcnTextBlockOuter'>        <tr>            <td valign='top' class='mcnTextBlockInner' style='border-collapse: collapse;mso-table-lspace: 0pt;mso-table-rspace: 0pt;'>                                <table align='left' border='0' cellpadding='0' cellspacing='0' width='366' class='mcnTextContentContainer' style='border-collapse: collapse;mso-table-lspace: 0pt;mso-table-rspace: 0pt;'>                    <tbody><tr>                                                <td valign='top' class='mcnTextContent' style='padding-top: 9px;padding-left: 18px;padding-bottom: 9px;padding-right: 0;border-collapse: collapse;mso-table-lspace: 0pt;mso-table-rspace: 0pt;color: #606060;font-family: Helvetica;font-size: 11px;line-height: 125%;text-align: left;'>                                                    <br>                        </td>                    </tr>                </tbody></table>                            </td>        </tr>    </tbody></table></td>                                                    </tr>                                                </table>                                            </td>                                                                                    </tr>                                    </table>                                    <!-- // END PREHEADER -->                                </td>                            </tr>                            <tr>                                <td align='center' valign='top' style='border-collapse: collapse;mso-table-lspace: 0pt;mso-table-rspace: 0pt;'>                                    <!-- BEGIN HEADER // -->                                    <table border='0' cellpadding='0' cellspacing='0' width='100%' id='templateHeader' style='border-collapse: collapse;mso-table-lspace: 0pt;mso-table-rspace: 0pt;background-color: #fcfcfc;border-top: 0;border-bottom: 0;'>                                        <tr>                                            <td align='center' valign='top' style='border-collapse: collapse;mso-table-lspace: 0pt;mso-table-rspace: 0pt;'>                                                <table border='0' cellpadding='0' cellspacing='0' width='600' class='templateContainer' style='border-collapse: collapse;mso-table-lspace: 0pt;mso-table-rspace: 0pt;'>                                                    <tr>                                                        <td valign='top' class='headerContainer' style='padding-top: 10px;padding-right: 18px;padding-bottom: 10px;padding-left: 18px;border-collapse: collapse;mso-table-lspace: 0pt;mso-table-rspace: 0pt;'><table border='0' cellpadding='0' cellspacing='0' width='100%' class='mcnImageBlock' style='border-collapse: collapse;mso-table-lspace: 0pt;mso-table-rspace: 0pt;'>    <tbody class='mcnImageBlockOuter'>            <tr>                <td valign='top' style='padding: 9px;border-collapse: collapse;mso-table-lspace: 0pt;mso-table-rspace: 0pt;' class='mcnImageBlockInner'>                    <table align='left' width='100%' border='0' cellpadding='0' cellspacing='0' class='mcnImageContentContainer' style='border-collapse: collapse;mso-table-lspace: 0pt;mso-table-rspace: 0pt;'>                        <tbody><tr>                            <td class='mcnImageContent' valign='top' style='padding-right: 9px;padding-left: 9px;padding-top: 0;padding-bottom: 0;border-collapse: collapse;mso-table-lspace: 0pt;mso-table-rspace: 0pt;'>                                                                    <a href='http://edx.org' title='' class='' target='_self' style='word-wrap: break-word !important;'>                                        <img align='left' alt='edX' src='http://courses.edx.org/static/images/bulk_email/edXHeaderImage.jpg' width='564.0000152587891' style='max-width: 600px;padding-bottom: 0;display: inline !important;vertical-align: bottom;border: 0;line-height: 100%;outline: none;text-decoration: none;height: auto !important;' class='mcnImage'>                                    </a>                                                            </td>                        </tr>                    </tbody></table>                </td>            </tr>    </tbody></table><table border='0' cellpadding='0' cellspacing='0' width='100%' class='mcnTextBlock' style='border-collapse: collapse;mso-table-lspace: 0pt;mso-table-rspace: 0pt;'>    <tbody class='mcnTextBlockOuter'>        <tr>            <td valign='top' class='mcnTextBlockInner' style='border-collapse: collapse;mso-table-lspace: 0pt;mso-table-rspace: 0pt;'>                                <table align='left' border='0' cellpadding='0' cellspacing='0' width='599' class='mcnTextContentContainer' style='border-collapse: collapse;mso-table-lspace: 0pt;mso-table-rspace: 0pt;'>                    <tbody><tr>                                                <td valign='top' class='mcnTextContent' style='padding-top: 9px;padding-right: 18px;padding-bottom: 9px;padding-left: 18px;border-collapse: collapse;mso-table-lspace: 0pt;mso-table-rspace: 0pt;color: #606060;font-family: Helvetica;font-size: 15px;line-height: 150%;text-align: left;'>                                                    <div style='text-align: right;'><span style='font-size:11px;'><span style='color:#00a0e3;'>Connect with edX:</span></span> &nbsp;<a href='http://facebook.com/edxonline' target='_blank' style='color: #6DC6DD;font-weight: normal;text-decoration: underline;word-wrap: break-word !important;'><img align='none' height='16' src='http://courses.edx.org/static/images/bulk_email/FacebookIcon.png' style='width: 16px;height: 16px;border: 0;line-height: 100%;outline: none;text-decoration: none;' width='16'></a>&nbsp;&nbsp;<a href='http://twitter.com/edxonline' target='_blank' style='color: #6DC6DD;font-weight: normal;text-decoration: underline;word-wrap: break-word !important;'><img align='none' height='16' src='http://courses.edx.org/static/images/bulk_email/TwitterIcon.png' style='width: 16px;height: 16px;border: 0;line-height: 100%;outline: none;text-decoration: none;' width='16'></a>&nbsp;&nbsp;<a href='https://plus.google.com/108235383044095082735' target='_blank' style='color: #6DC6DD;font-weight: normal;text-decoration: underline;word-wrap: break-word !important;'><img align='none' height='16' src='http://courses.edx.org/static/images/bulk_email/GooglePlusIcon.png' style='width: 16px;height: 16px;border: 0;line-height: 100%;outline: none;text-decoration: none;' width='16'></a>&nbsp;&nbsp;<a href='http://www.meetup.com/edX-Communities/' target='_blank' style='color: #6DC6DD;font-weight: normal;text-decoration: underline;word-wrap: break-word !important;'><img align='none' height='16' src='http://courses.edx.org/static/images/bulk_email/MeetupIcon.png' style='width: 16px;height: 16px;border: 0;line-height: 100%;outline: none;text-decoration: none;' width='16'></a></div>                        </td>                    </tr>                </tbody></table>                            </td>        </tr>    </tbody></table></td>                                                    </tr>                                                </table>                                            </td>                                        </tr>                                    </table>                                    <!-- // END HEADER -->                                </td>                            </tr>                            <tr>                                <td align='center' valign='top' style='border-collapse: collapse;mso-table-lspace: 0pt;mso-table-rspace: 0pt;'>                                    <!-- BEGIN BODY // -->                                    <table border='0' cellpadding='0' cellspacing='0' width='100%' id='templateBody' style='border-collapse: collapse;mso-table-lspace: 0pt;mso-table-rspace: 0pt;background-color: #fcfcfc;border-top: 0;border-bottom: 0;'>                                        <tr>                                            <td align='center' valign='top' style='border-collapse: collapse;mso-table-lspace: 0pt;mso-table-rspace: 0pt;'>                                                <table border='0' cellpadding='0' cellspacing='0' width='600' class='templateContainer' style='border-collapse: collapse;mso-table-lspace: 0pt;mso-table-rspace: 0pt;'>                                                    <tr>                                                        <td valign='top' class='bodyContainer' style='padding-top: 10px;padding-right: 18px;padding-bottom: 10px;padding-left: 18px;border-collapse: collapse;mso-table-lspace: 0pt;mso-table-rspace: 0pt;'><table border='0' cellpadding='0' cellspacing='0' width='100%' class='mcnCaptionBlock' style='border-collapse: collapse;mso-table-lspace: 0pt;mso-table-rspace: 0pt;'>    <tbody class='mcnCaptionBlockOuter'>        <tr>            <td class='mcnCaptionBlockInner' valign='top' style='padding: 9px;border-collapse: collapse;mso-table-lspace: 0pt;mso-table-rspace: 0pt;'>                <table border='0' cellpadding='0' cellspacing='0' class='mcnCaptionLeftContentOuter' width='100%' style='border-collapse: collapse;mso-table-lspace: 0pt;mso-table-rspace: 0pt;'>    <tbody><tr>        <td valign='top' class='mcnCaptionLeftContentInner' style='padding: 0 9px;border-collapse: collapse;mso-table-lspace: 0pt;mso-table-rspace: 0pt;'>            <table align='right' border='0' cellpadding='0' cellspacing='0' class='mcnCaptionLeftImageContentContainer' style='border-collapse: collapse;mso-table-lspace: 0pt;mso-table-rspace: 0pt;'>                <tbody><tr>                    <td class='mcnCaptionLeftImageContent' valign='top' style='border-collapse: collapse;mso-table-lspace: 0pt;mso-table-rspace: 0pt;'>                                                                    <img alt='' src='{course_image_url}' width='176' style='max-width: 180px;border: 0;line-height: 100%;outline: none;text-decoration: none;vertical-align: bottom;height: auto !important;' class='mcnImage'>                                                                </td>                </tr>            </tbody></table>            <table class='mcnCaptionLeftTextContentContainer' align='left' border='0' cellpadding='0' cellspacing='0' width='352' style='border-collapse: collapse;mso-table-lspace: 0pt;mso-table-rspace: 0pt;'>                <tbody><tr>                    <td valign='top' class='mcnTextContent' style='border-collapse: collapse;mso-table-lspace: 0pt;mso-table-rspace: 0pt;color: #606060;font-family: Helvetica;font-size: 14px;line-height: 150%;text-align: left;'>                        <h3 class='null' style='display: block;font-family: Helvetica;font-size: 18px;font-style: normal;font-weight: bold;line-height: 125%;letter-spacing: -.5px;margin: 0;text-align: left;color: #606060 !important;'><strong style='font-size: 22px;'>{course_title}</strong><br></h3><br>                    </td>                </tr>            </tbody></table>        </td>    </tr></tbody></table>            </td>        </tr>    </tbody></table><table border='0' cellpadding='0' cellspacing='0' width='100%' class='mcnTextBlock' style='border-collapse: collapse;mso-table-lspace: 0pt;mso-table-rspace: 0pt;'>    <tbody class='mcnTextBlockOuter'>        <tr>            <td valign='top' class='mcnTextBlockInner' style='border-collapse: collapse;mso-table-lspace: 0pt;mso-table-rspace: 0pt;'>                                <table align='left' border='0' cellpadding='0' cellspacing='0' width='600' class='mcnTextContentContainer' style='border-collapse: collapse;mso-table-lspace: 0pt;mso-table-rspace: 0pt;'>                    <tbody><tr>                                                <td valign='top' class='mcnTextContent' style='padding-top: 9px;padding-right: 18px;padding-bottom: 9px;padding-left: 18px;border-collapse: collapse;mso-table-lspace: 0pt;mso-table-rspace: 0pt;color: #606060;font-family: Helvetica;font-size: 14px;line-height: 150%;text-align: left;'>                        {{message_body}}                        </td>                    </tr>                </tbody></table>                            </td>        </tr>    </tbody></table><table border='0' cellpadding='0' cellspacing='0' width='100%' class='mcnDividerBlock' style='border-collapse: collapse;mso-table-lspace: 0pt;mso-table-rspace: 0pt;'>    <tbody class='mcnDividerBlockOuter'>        <tr>            <td class='mcnDividerBlockInner' style='padding: 18px 18px 3px;border-collapse: collapse;mso-table-lspace: 0pt;mso-table-rspace: 0pt;'>                <table class='mcnDividerContent' border='0' cellpadding='0' cellspacing='0' width='100%' style='border-top-width: 1px;border-top-style: solid;border-top-color: #666666;border-collapse: collapse;mso-table-lspace: 0pt;mso-table-rspace: 0pt;'>                    <tbody><tr>                        <td style='border-collapse: collapse;mso-table-lspace: 0pt;mso-table-rspace: 0pt;'>                            <span></span>                        </td>                    </tr>                </tbody></table>            </td>        </tr>    </tbody></table><table border='0' cellpadding='0' cellspacing='0' width='100%' class='mcnTextBlock' style='border-collapse: collapse;mso-table-lspace: 0pt;mso-table-rspace: 0pt;'>    <tbody class='mcnTextBlockOuter'>        <tr>            <td valign='top' class='mcnTextBlockInner' style='border-collapse: collapse;mso-table-lspace: 0pt;mso-table-rspace: 0pt;'>                                <table align='left' border='0' cellpadding='0' cellspacing='0' width='600' class='mcnTextContentContainer' style='border-collapse: collapse;mso-table-lspace: 0pt;mso-table-rspace: 0pt;'>                    <tbody><tr>                                                <td valign='top' class='mcnTextContent' style='padding-top: 9px;padding-right: 18px;padding-bottom: 9px;padding-left: 18px;border-collapse: collapse;mso-table-lspace: 0pt;mso-table-rspace: 0pt;color: #606060;font-family: Helvetica;font-size: 14px;line-height: 150%;text-align: left;'>                                                    <div style='text-align: right;'><a href='http://facebook.com/edxonline' target='_blank' style='color: #2f73bc;font-weight: normal;text-decoration: underline;word-wrap: break-word !important;'><img align='none' height='16' src='http://courses.edx.org/static/images/bulk_email/FacebookIcon.png' style='width: 16px;height: 16px;border: 0;line-height: 100%;outline: none;text-decoration: none;' width='16'></a>&nbsp;&nbsp;<a href='http://twitter.com/edxonline' target='_blank' style='color: #2f73bc;font-weight: normal;text-decoration: underline;word-wrap: break-word !important;'><img align='none' height='16' src='http://courses.edx.org/static/images/bulk_email/TwitterIcon.png' style='width: 16px;height: 16px;border: 0;line-height: 100%;outline: none;text-decoration: none;' width='16'></a>&nbsp;&nbsp;<a href='https://plus.google.com/108235383044095082735' target='_blank' style='color: #2f73bc;font-weight: normal;text-decoration: underline;word-wrap: break-word !important;'><img align='none' height='16' src='http://courses.edx.org/static/images/bulk_email/GooglePlusIcon.png' style='width: 16px;height: 16px;border: 0;line-height: 100%;outline: none;text-decoration: none;' width='16'></a>&nbsp; &nbsp;<a href='http://www.meetup.com/edX-Communities/' target='_blank' style='color: #2f73bc;font-weight: normal;text-decoration: underline;word-wrap: break-word !important;'><img align='none' height='16' src='http://courses.edx.org/static/images/bulk_email/MeetupIcon.png' style='width: 16px;height: 16px;border: 0;line-height: 100%;outline: none;text-decoration: none;' width='16'></a></div>                        </td>                    </tr>                </tbody></table>                            </td>        </tr>    </tbody></table></td>                                                    </tr>                                                </table>                                            </td>                                        </tr>                                    </table>                                    <!-- // END BODY -->                                </td>                            </tr>                            <tr>                                <td align='center' valign='top' style='border-collapse: collapse;mso-table-lspace: 0pt;mso-table-rspace: 0pt;'>                                    <!-- BEGIN FOOTER // -->                                    <table border='0' cellpadding='0' cellspacing='0' width='100%' id='templateFooter' style='border-collapse: collapse;mso-table-lspace: 0pt;mso-table-rspace: 0pt;background-color: #9FCFE8;border-top: 0;border-bottom: 0;'>                                        <tr>                                            <td align='center' valign='top' style='border-collapse: collapse;mso-table-lspace: 0pt;mso-table-rspace: 0pt;'>                                                <table border='0' cellpadding='0' cellspacing='0' width='600' class='templateContainer' style='border-collapse: collapse;mso-table-lspace: 0pt;mso-table-rspace: 0pt;'>                                                    <tr>                                                        <td valign='top' class='footerContainer' style='padding-top: 10px;padding-right: 18px;padding-bottom: 10px;padding-left: 18px;border-collapse: collapse;mso-table-lspace: 0pt;mso-table-rspace: 0pt;'><table border='0' cellpadding='0' cellspacing='0' width='100%' class='mcnTextBlock' style='border-collapse: collapse;mso-table-lspace: 0pt;mso-table-rspace: 0pt;'>    <tbody class='mcnTextBlockOuter'>        <tr>            <td valign='top' class='mcnTextBlockInner' style='border-collapse: collapse;mso-table-lspace: 0pt;mso-table-rspace: 0pt;'>                                <table align='left' border='0' cellpadding='0' cellspacing='0' width='600' class='mcnTextContentContainer' style='border-collapse: collapse;mso-table-lspace: 0pt;mso-table-rspace: 0pt;'>                    <tbody><tr>                                                <td valign='top' class='mcnTextContent' style='padding-top: 9px;padding-right: 18px;padding-bottom: 9px;padding-left: 18px;border-collapse: collapse;mso-table-lspace: 0pt;mso-table-rspace: 0pt;color: #f2f2f2;font-family: Helvetica;font-size: 11px;line-height: 125%;text-align: left;'>                                                    <em>Copyright © 2013 edX, All rights reserved.</em><br><br><br>  <b>Our mailing address is:</b><br>  edX<br>  11 Cambridge Center, Suite 101<br>  Cambridge, MA, USA 02142<br><br><br>This email was automatically sent from {platform_name}. <br>You are receiving this email at address {email} because you are enrolled in <a href='{course_url}'>{course_title}</a>.<br>To stop receiving email like this, update your course email settings <a href='{email_settings_url}'>here</a>. <br><br><a href='{unsubscribe_link}'>unsubscribe</a>                        </td>                    </tr>                </tbody></table>                            </td>        </tr>    </tbody></table></td>                                                    </tr>                                                </table>                                            </td>                                        </tr>                                    </table>                                    <!-- // END FOOTER -->                                </td>                            </tr>                        </table>                        <!-- // END TEMPLATE -->                    </td>                </tr>            </table>        </center>    </body>    </body> </html>",
            "name": "branded.template"
        }
    }
]
